Date,Monthly Anomaly_global
1750-01-01,-0.993
1750-02-01,-1.679
1750-03-01,-0.192
1750-04-01,-0.531
1750-05-01,-1.881
1750-06-01,-1.315
1750-07-01,-0.319
1750-08-01,0.13
1750-09-01,-1.198
1750-10-01,-2.445
1750-11-01,-4.74
1750-12-01,-3.2800000000000002
1751-01-01,-1.927
1751-02-01,-3.503
1751-03-01,-0.354
1751-04-01,-1.701
1751-05-01,-1.227
1751-06-01,-1.706
1751-07-01,0.8290000000000001
1751-08-01,-0.335
1751-09-01,-1.487
1751-10-01,-2.856
1751-11-01,-3.279
1751-12-01,-2.179
1752-01-01,-3.574
1752-02-01,1.607
1752-03-01,-0.28500000000000003
1752-04-01,-1.915
1752-05-01,-0.40900000000000003
1752-06-01,0.121
1752-07-01,0.755
1752-08-01,-0.982
1752-09-01,
1752-10-01,-1.638
1752-11-01,-0.28700000000000003
1752-12-01,-1.292
1753-01-01,-1.216
1753-02-01,-1.966
1753-03-01,0.26
1753-04-01,-1.361
1753-05-01,-0.47700000000000004
1753-06-01,-0.75
1753-07-01,-0.423
1753-08-01,-1.315
1753-09-01,-1.671
1753-10-01,-0.937
1753-11-01,-1.5470000000000002
1753-12-01,-4.255
1754-01-01,-0.996
1754-02-01,-3.364
1754-03-01,-1.995
1754-04-01,2.755
1754-05-01,0.356
1754-06-01,-0.364
1754-07-01,0.001
1754-08-01,-1.6720000000000002
1754-09-01,-2.017
1754-10-01,-0.30000000000000004
1754-11-01,-0.719
1754-12-01,-0.505
1755-01-01,-1.306
1755-02-01,-3.039
1755-03-01,-2.412
1755-04-01,-0.404
1755-05-01,-0.21
1755-06-01,0.303
1755-07-01,0.5670000000000001
1755-08-01,-1.22
1755-09-01,-1.604
1755-10-01,1.6019999999999999
1755-11-01,-1.522
1755-12-01,-2.398
1756-01-01,0.178
1756-02-01,1.97
1756-03-01,-1.303
1756-04-01,0.645
1756-05-01,0.598
1756-06-01,-0.12
1756-07-01,-0.34500000000000003
1756-08-01,-1.307
1756-09-01,-0.988
1756-10-01,-1.577
1756-11-01,-2.521
1756-12-01,-3.314
1757-01-01,-3.081
1757-02-01,0.41600000000000004
1757-03-01,-1.475
1757-04-01,-0.47700000000000004
1757-05-01,0.164
1757-06-01,1.903
1757-07-01,1.851
1757-08-01,2.278
1757-09-01,1.133
1757-10-01,-4.075
1757-11-01,-2.411
1757-12-01,-3.262
1758-01-01,-5.043
1758-02-01,-3.621
1758-03-01,-2.303
1758-04-01,-1.875
1758-05-01,-2.985
1758-06-01,-1.3599999999999999
1758-07-01,-1.4969999999999999
1758-08-01,-3.184
1758-09-01,-2.706
1758-10-01,-3.615
1758-11-01,-1.232
1758-12-01,-2.09
1759-01-01,0.863
1759-02-01,0.446
1759-03-01,-1.452
1759-04-01,-2.62
1759-05-01,-2.525
1759-06-01,-0.5650000000000001
1759-07-01,-2.594
1759-08-01,-0.485
1759-09-01,-1.174
1759-10-01,-2.306
1759-11-01,-3.174
1759-12-01,-5.251
1760-01-01,-4.907
1760-02-01,-1.039
1760-03-01,-3.948
1760-04-01,-2.349
1760-05-01,-2.028
1760-06-01,-2.329
1760-07-01,-2.8
1760-08-01,-1.884
1760-09-01,-2.537
1760-10-01,-3.026
1760-11-01,-1.5110000000000001
1760-12-01,-3.377
1761-01-01,-3.14
1761-02-01,-1.966
1761-03-01,-0.22
1761-04-01,-1.658
1761-05-01,0.681
1761-06-01,2.172
1761-07-01,3.307
1761-08-01,-0.601
1761-09-01,-0.719
1761-10-01,-3.435
1761-11-01,-1.464
1761-12-01,-6.23
1762-01-01,2.329
1762-02-01,0.271
1762-03-01,-2.329
1762-04-01,-0.612
1762-05-01,-1.701
1762-06-01,-1.504
1762-07-01,-1.645
1762-08-01,-0.5680000000000001
1762-09-01,-2.495
1762-10-01,-3.276
1762-11-01,-0.313
1762-12-01,-2.152
1763-01-01,-3.173
1763-02-01,-3.17
1763-03-01,-4.498
1763-04-01,-1.924
1763-05-01,-2.116
1763-06-01,-2.373
1763-07-01,1.3719999999999999
1763-08-01,-1.426
1763-09-01,-1.5939999999999999
1763-10-01,-3.129
1763-11-01,-2.52
1763-12-01,-1.417
1764-01-01,-2.445
1764-02-01,1.9809999999999999
1764-03-01,-1.007
1764-04-01,-1.437
1764-05-01,-1.706
1764-06-01,-2.765
1764-07-01,-1.8639999999999999
1764-08-01,-1.631
1764-09-01,-1.6059999999999999
1764-10-01,0.6980000000000001
1764-11-01,-0.634
1764-12-01,1.506
1765-01-01,1.209
1765-02-01,-0.23600000000000002
1765-03-01,0.73
1765-04-01,0.393
1765-05-01,-1.149
1765-06-01,-3.343
1765-07-01,-1.123
1765-08-01,-0.852
1765-09-01,-1.234
1765-10-01,-1.264
1765-11-01,-0.297
1765-12-01,-0.798
1766-01-01,-3.433
1766-02-01,0.685
1766-03-01,-0.094
1766-04-01,-0.8250000000000001
1766-05-01,-0.548
1766-06-01,-0.774
1766-07-01,-1.745
1766-08-01,-0.53
1766-09-01,-0.041
1766-10-01,-0.993
1766-11-01,1.417
1766-12-01,-1.033
1767-01-01,-3.66
1767-02-01,-0.494
1767-03-01,0.748
1767-04-01,-2.609
1767-05-01,-1.79
1767-06-01,0.504
1767-07-01,-1.616
1767-08-01,0.54
1767-09-01,-0.562
1767-10-01,-0.28200000000000003
1767-11-01,2.084
1767-12-01,-2.2720000000000002
1768-01-01,-5.361
1768-02-01,-3.858
1768-03-01,-3.775
1768-04-01,-1.674
1768-05-01,-2.94
1768-06-01,-1.6960000000000002
1768-07-01,-0.664
1768-08-01,-1.482
1768-09-01,-1.46
1768-10-01,-1.498
1768-11-01,-1.303
1768-12-01,-0.766
1769-01-01,-0.272
1769-02-01,-1.487
1769-03-01,-1.292
1769-04-01,0.304
1769-05-01,1.059
1769-06-01,0.963
1769-07-01,-0.491
1769-08-01,-0.718
1769-09-01,-0.935
1769-10-01,-4.057
1769-11-01,-3.289
1769-12-01,-4.455
1770-01-01,-0.661
1770-02-01,-0.047
1770-03-01,-4.48
1770-04-01,0.975
1770-05-01,-1.843
1770-06-01,-2.406
1770-07-01,-3.383
1770-08-01,-2.541
1770-09-01,-1.206
1770-10-01,-0.184
1770-11-01,-0.043000000000000003
1770-12-01,1.105
1771-01-01,2.202
1771-02-01,-4.824
1771-03-01,-3.811
1771-04-01,-2.957
1771-05-01,-1.807
1771-06-01,-0.267
1771-07-01,-0.975
1771-08-01,-0.188
1771-09-01,-0.857
1771-10-01,0.923
1771-11-01,-1.504
1771-12-01,-1.076
1772-01-01,-1.217
1772-02-01,-2.463
1772-03-01,-3.236
1772-04-01,-0.094
1772-05-01,-2.374
1772-06-01,-1.665
1772-07-01,-0.255
1772-08-01,-0.162
1772-09-01,-1.827
1772-10-01,0.077
1772-11-01,2.067
1772-12-01,2.341
1773-01-01,-3.316
1773-02-01,-2.223
1773-03-01,-1.461
1773-04-01,0.887
1773-05-01,1.3599999999999999
1773-06-01,-1.214
1773-07-01,-0.332
1773-08-01,-0.602
1773-09-01,0.258
1773-10-01,0.146
1773-11-01,-2.347
1773-12-01,2.166
1774-01-01,-3.449
1774-02-01,0.761
1774-03-01,-0.46
1774-04-01,1.421
1774-05-01,5.334
1774-06-01,1.387
1774-07-01,1.556
1774-08-01,-0.101
1774-09-01,-1.453
1774-10-01,-0.876
1774-11-01,-3.056
1774-12-01,-3.286
1775-01-01,1.126
1775-02-01,2.213
1775-03-01,1.293
1775-04-01,-1.667
1775-05-01,-1.154
1775-06-01,-1.909
1775-07-01,-0.406
1775-08-01,0.057
1775-09-01,-1.2730000000000001
1775-10-01,0.986
1775-11-01,1.983
1775-12-01,-2.146
1776-01-01,-3.739
1776-02-01,0.626
1776-03-01,-1.9260000000000002
1776-04-01,-1.979
1776-05-01,-2.016
1776-06-01,0.058
1776-07-01,-1.086
1776-08-01,0.398
1776-09-01,-2.057
1776-10-01,-1.742
1776-11-01,-0.9580000000000001
1776-12-01,0.735
1777-01-01,2.831
1777-02-01,0.851
1777-03-01,-1.19
1777-04-01,-3.198
1777-05-01,-0.9590000000000001
1777-06-01,-1.9260000000000002
1777-07-01,-2.45
1777-08-01,-1.828
1777-09-01,-1.3679999999999999
1777-10-01,-2.85
1777-11-01,-0.901
1777-12-01,-0.442
1778-01-01,0.076
1778-02-01,1.7429999999999999
1778-03-01,-2.1310000000000002
1778-04-01,1.232
1778-05-01,-1.1219999999999999
1778-06-01,-2.718
1778-07-01,-0.081
1778-08-01,-1.948
1778-09-01,0.635
1778-10-01,-1.845
1778-11-01,-2.526
1778-12-01,-1.949
1779-01-01,-1.9809999999999999
1779-02-01,0.916
1779-03-01,0.34500000000000003
1779-04-01,0.14
1779-05-01,1.588
1779-06-01,-2.078
1779-07-01,-1.693
1779-08-01,-0.896
1779-09-01,-0.068
1779-10-01,-0.303
1779-11-01,-0.289
1779-12-01,-1.369
1780-01-01,-0.34700000000000003
1780-02-01,0.445
1780-03-01,-0.519
1780-04-01,3.974
1780-05-01,2.882
1780-06-01,0.11800000000000001
1780-07-01,0.8130000000000001
1780-08-01,-1.338
1780-09-01,-3.073
1780-10-01,0.525
1780-11-01,0.145
1780-12-01,-1.6139999999999999
1781-01-01,-0.135
1781-02-01,-0.84
1781-03-01,-0.646
1781-04-01,-1.521
1781-05-01,-0.323
1781-06-01,-1.8170000000000002
1781-07-01,-0.13
1781-08-01,0.41100000000000003
1781-09-01,-1.759
1781-10-01,-0.551
1781-11-01,1.524
1781-12-01,-0.357
1782-01-01,-2.035
1782-02-01,-2.2720000000000002
1782-03-01,-2.359
1782-04-01,0.156
1782-05-01,0.045
1782-06-01,0.061
1782-07-01,-0.542
1782-08-01,1.444
1782-09-01,0.375
1782-10-01,-0.6920000000000001
1782-11-01,-1.47
1782-12-01,-1.714
1783-01-01,-3.437
1783-02-01,1.4809999999999999
1783-03-01,-0.996
1783-04-01,-0.34
1783-05-01,0.624
1783-06-01,1.367
1783-07-01,-1.2
1783-08-01,-0.101
1783-09-01,-2.315
1783-10-01,-1.426
1783-11-01,-3.638
1783-12-01,-1.011
1784-01-01,0.018000000000000002
1784-02-01,-1.874
1784-03-01,-1.005
1784-04-01,-0.248
1784-05-01,-1.971
1784-06-01,-0.449
1784-07-01,0.215
1784-08-01,1.514
1784-09-01,-1.748
1784-10-01,-1.459
1784-11-01,-1.133
1784-12-01,-0.492
1785-01-01,-0.226
1785-02-01,-1.439
1785-03-01,-4.083
1785-04-01,-1.491
1785-05-01,-1.276
1785-06-01,1.177
1785-07-01,0.176
1785-08-01,0.678
1785-09-01,-1.522
1785-10-01,-1.255
1785-11-01,0.027
1785-12-01,-2.038
1786-01-01,-2.273
1786-02-01,-1.311
1786-03-01,0.511
1786-04-01,0.121
1786-05-01,-0.01
1786-06-01,-0.006
1786-07-01,0.909
1786-08-01,0.868
1786-09-01,0.646
1786-10-01,-0.671
1786-11-01,-2.533
1786-12-01,-3.481
1787-01-01,0.763
1787-02-01,-0.251
1787-03-01,-0.127
1787-04-01,-1.033
1787-05-01,0.034
1787-06-01,0.661
1787-07-01,-0.8170000000000001
1787-08-01,-0.352
1787-09-01,-1.87
1787-10-01,-1.186
1787-11-01,-0.868
1787-12-01,-0.924
1788-01-01,-2.298
1788-02-01,0.342
1788-03-01,-0.585
1788-04-01,-0.096
1788-05-01,-0.721
1788-06-01,0.425
1788-07-01,2.091
1788-08-01,0.54
1788-09-01,-0.20500000000000002
1788-10-01,0.318
1788-11-01,0.434
1788-12-01,-3.748
1789-01-01,0.5700000000000001
1789-02-01,-0.865
1789-03-01,-1.081
1789-04-01,-1.075
1789-05-01,-0.078
1789-06-01,-0.398
1789-07-01,0.6940000000000001
1789-08-01,-0.131
1789-09-01,-0.031
1789-10-01,-1.041
1789-11-01,0.181
1789-12-01,0.308
1790-01-01,0.435
1790-02-01,0.11900000000000001
1790-03-01,-0.545
1790-04-01,-1.665
1790-05-01,-1.044
1790-06-01,-0.04
1790-07-01,-1.06
1790-08-01,-0.612
1790-09-01,-0.771
1790-10-01,-0.522
1790-11-01,-0.845
1790-12-01,0.185
1791-01-01,0.798
1791-02-01,0.228
1791-03-01,0.11800000000000001
1791-04-01,0.166
1791-05-01,-0.913
1791-06-01,-0.357
1791-07-01,-0.966
1791-08-01,-0.20400000000000001
1791-09-01,-0.849
1791-10-01,-1.198
1791-11-01,0.196
1791-12-01,0.033
1792-01-01,-2.31
1792-02-01,0.527
1792-03-01,-0.62
1792-04-01,-0.56
1792-05-01,0.244
1792-06-01,0.726
1792-07-01,0.193
1792-08-01,-1.3900000000000001
1792-09-01,0.209
1792-10-01,-1.293
1792-11-01,-0.99
1792-12-01,-0.20700000000000002
1793-01-01,-1.189
1793-02-01,1.538
1793-03-01,0.049
1793-04-01,0.396
1793-05-01,-0.372
1793-06-01,-0.24
1793-07-01,0.042
1793-08-01,-0.624
1793-09-01,-0.625
1793-10-01,-0.777
1793-11-01,-0.535
1793-12-01,-1.444
1794-01-01,1.065
1794-02-01,0.029
1794-03-01,0.9470000000000001
1794-04-01,0.47300000000000003
1794-05-01,1.05
1794-06-01,-1.2730000000000001
1794-07-01,-1.5150000000000001
1794-08-01,-0.421
1794-09-01,0.332
1794-10-01,-0.092
1794-11-01,-0.12
1794-12-01,-0.304
1795-01-01,0.5630000000000001
1795-02-01,1.5670000000000002
1795-03-01,0.879
1795-04-01,1.046
1795-05-01,0.507
1795-06-01,-0.8230000000000001
1795-07-01,0.247
1795-08-01,-0.023
1795-09-01,-1.5350000000000001
1795-10-01,-0.898
1795-11-01,-0.353
1795-12-01,0.291
1796-01-01,1.264
1796-02-01,0.46900000000000003
1796-03-01,-2.141
1796-04-01,-0.807
1796-05-01,-0.23500000000000001
1796-06-01,0.844
1796-07-01,-0.268
1796-08-01,0.666
1796-09-01,-0.182
1796-10-01,-0.1
1796-11-01,-0.619
1796-12-01,-2.402
1797-01-01,2.249
1797-02-01,2.886
1797-03-01,-0.905
1797-04-01,-1.3900000000000001
1797-05-01,-1.038
1797-06-01,0.355
1797-07-01,-0.917
1797-08-01,-0.099
1797-09-01,0.03
1797-10-01,-0.372
1797-11-01,-1.263
1797-12-01,-0.03
1798-01-01,0.583
1798-02-01,0.114
1798-03-01,1.1400000000000001
1798-04-01,-0.515
1798-05-01,-0.483
1798-06-01,-0.421
1798-07-01,0.301
1798-08-01,0.967
1798-09-01,-0.8250000000000001
1798-10-01,-0.662
1798-11-01,0.006
1798-12-01,-1.445
1799-01-01,-0.329
1799-02-01,-2.217
1799-03-01,-1.978
1799-04-01,-0.059000000000000004
1799-05-01,-0.309
1799-06-01,-0.042
1799-07-01,-0.127
1799-08-01,-0.388
1799-09-01,-0.343
1799-10-01,0.089
1799-11-01,0.516
1799-12-01,-1.819
1800-01-01,-0.634
1800-02-01,-0.759
1800-03-01,-1.085
1800-04-01,0.614
1800-05-01,-0.978
1800-06-01,-0.28400000000000003
1800-07-01,-0.751
1800-08-01,-0.378
1800-09-01,-1.165
1800-10-01,0.065
1800-11-01,-0.111
1800-12-01,0.065
1801-01-01,1.05
1801-02-01,0.546
1801-03-01,1.38
1801-04-01,-0.8300000000000001
1801-05-01,0.252
1801-06-01,-0.547
1801-07-01,0.017
1801-08-01,-1.279
1801-09-01,-0.307
1801-10-01,1.178
1801-11-01,-0.257
1801-12-01,1.095
1802-01-01,1.651
1802-02-01,1.375
1802-03-01,1.26
1802-04-01,0.366
1802-05-01,-1.4020000000000001
1802-06-01,-0.049
1802-07-01,-0.214
1802-08-01,-0.525
1802-09-01,-0.061
1802-10-01,0.08600000000000001
1802-11-01,-0.882
1802-12-01,-0.531
1803-01-01,-1.38
1803-02-01,-1.022
1803-03-01,-0.255
1803-04-01,0.711
1803-05-01,0.09
1803-06-01,0.13
1803-07-01,0.122
1803-08-01,0.706
1803-09-01,0.14
1803-10-01,0.732
1803-11-01,-0.214
1803-12-01,-0.743
1804-01-01,-0.33
1804-02-01,-1.193
1804-03-01,-1.097
1804-04-01,1.105
1804-05-01,0.396
1804-06-01,-0.061
1804-07-01,1.194
1804-08-01,0.108
1804-09-01,0.179
1804-10-01,-0.226
1804-11-01,0.884
1804-12-01,-0.998
1805-01-01,0.452
1805-02-01,-0.41400000000000003
1805-03-01,0.546
1805-04-01,0.053
1805-05-01,-0.276
1805-06-01,0.41600000000000004
1805-07-01,0.023
1805-08-01,1.02
1805-09-01,-0.306
1805-10-01,-1.841
1805-11-01,-1.653
1805-12-01,0.782
1806-01-01,0.483
1806-02-01,-0.192
1806-03-01,-0.5650000000000001
1806-04-01,-0.40800000000000003
1806-05-01,0.079
1806-06-01,-1.209
1806-07-01,-0.673
1806-08-01,0.504
1806-09-01,0.297
1806-10-01,-0.791
1806-11-01,-0.864
1806-12-01,0.445
1807-01-01,-1.67
1807-02-01,0.244
1807-03-01,-0.704
1807-04-01,-1.458
1807-05-01,-2.3529999999999998
1807-06-01,-0.329
1807-07-01,-0.295
1807-08-01,-0.502
1807-09-01,0.372
1807-10-01,-0.295
1807-11-01,0.131
1807-12-01,0.875
1808-01-01,-1.44
1808-02-01,-1.035
1808-03-01,-1.099
1808-04-01,-1.098
1808-05-01,-2.134
1808-06-01,-0.334
1808-07-01,0.003
1808-08-01,-0.979
1808-09-01,-0.306
1808-10-01,-0.711
1808-11-01,-1.577
1808-12-01,-2.344
1809-01-01,-2.475
1809-02-01,-2.321
1809-03-01,-2.124
1809-04-01,-0.66
1809-05-01,-2.016
1809-06-01,-0.382
1809-07-01,-1.3639999999999999
1809-08-01,-0.468
1809-09-01,-0.791
1809-10-01,-0.604
1809-11-01,-2.981
1809-12-01,-1.342
1810-01-01,-2.226
1810-02-01,-0.838
1810-03-01,-0.27
1810-04-01,-1.667
1810-05-01,-2.114
1810-06-01,-1.657
1810-07-01,-1.444
1810-08-01,-1.318
1810-09-01,-2.054
1810-10-01,-2.135
1810-11-01,-1.9769999999999999
1810-12-01,-0.994
1811-01-01,-1.865
1811-02-01,-3.142
1811-03-01,-1.43
1811-04-01,-2.337
1811-05-01,-1.633
1811-06-01,-0.8170000000000001
1811-07-01,-1.744
1811-08-01,-0.191
1811-09-01,-1.473
1811-10-01,-2.005
1811-11-01,-2.5300000000000002
1811-12-01,0.033
1812-01-01,-1.385
1812-02-01,-3.022
1812-03-01,-3.112
1812-04-01,-1.4969999999999999
1812-05-01,-1.82
1812-06-01,-1.556
1812-07-01,0.161
1812-08-01,1.663
1812-09-01,-1.564
1812-10-01,-1.354
1812-11-01,-1.393
1812-12-01,-2.216
1813-01-01,-3.988
1813-02-01,-0.9380000000000001
1813-03-01,-3.221
1813-04-01,-0.254
1813-05-01,0.114
1813-06-01,-0.34700000000000003
1813-07-01,0.084
1813-08-01,-0.676
1813-09-01,0.289
1813-10-01,-0.533
1813-11-01,0.79
1813-12-01,-1.373
1814-01-01,-0.931
1814-02-01,-1.454
1814-03-01,-2.727
1814-04-01,-1.348
1814-05-01,-2.109
1814-06-01,-0.643
1814-07-01,-1.633
1814-08-01,-0.866
1814-09-01,-1.317
1814-10-01,-1.5670000000000002
1814-11-01,0.8290000000000001
1814-12-01,2.615
1815-01-01,-0.776
1815-02-01,-0.98
1815-03-01,-1.658
1815-04-01,-1.827
1815-05-01,-1.509
1815-06-01,-2.294
1815-07-01,0.18
1815-08-01,-0.389
1815-09-01,-0.73
1815-10-01,-1.818
1815-11-01,-1.9769999999999999
1815-12-01,-2.309
1816-01-01,0.28600000000000003
1816-02-01,-3.738
1816-03-01,-1.431
1816-04-01,-0.858
1816-05-01,-0.6910000000000001
1816-06-01,-1.79
1816-07-01,-2.15
1816-08-01,-1.145
1816-09-01,-1.674
1816-10-01,-3.683
1816-11-01,-1.811
1816-12-01,-1.561
1817-01-01,-0.726
1817-02-01,0.922
1817-03-01,-0.152
1817-04-01,-0.041
1817-05-01,-1.752
1817-06-01,-2.364
1817-07-01,-2.137
1817-08-01,-0.5670000000000001
1817-09-01,-3.66
1817-10-01,-2.7960000000000003
1817-11-01,-1.113
1817-12-01,-2.793
1818-01-01,-0.523
1818-02-01,-1.675
1818-03-01,0.975
1818-04-01,1.953
1818-05-01,0.453
1818-06-01,0.8170000000000001
1818-07-01,-0.5700000000000001
1818-08-01,-0.588
1818-09-01,-1.6179999999999999
1818-10-01,-2.311
1818-11-01,-0.009000000000000001
1818-12-01,-0.8210000000000001
1819-01-01,-1.219
1819-02-01,-0.986
1819-03-01,-2.604
1819-04-01,-1.518
1819-05-01,-0.862
1819-06-01,-0.778
1819-07-01,-1.2610000000000001
1819-08-01,-1.182
1819-09-01,-0.72
1819-10-01,-0.582
1819-11-01,-0.851
1819-12-01,-1.8399999999999999
1820-01-01,-2.442
1820-02-01,-0.66
1820-03-01,-0.664
1820-04-01,1.108
1820-05-01,0.256
1820-06-01,-0.085
1820-07-01,-0.5630000000000001
1820-08-01,-1.5779999999999998
1820-09-01,-0.678
1820-10-01,-1.687
1820-11-01,-1.5030000000000001
1820-12-01,-1.99
1821-01-01,0.358
1821-02-01,0.8190000000000001
1821-03-01,0.085
1821-04-01,-0.47100000000000003
1821-05-01,-0.167
1821-06-01,-1.305
1821-07-01,-1.323
1821-08-01,-0.9460000000000001
1821-09-01,-2.101
1821-10-01,-1.119
1821-11-01,-0.889
1821-12-01,-1.059
1822-01-01,-0.28
1822-02-01,0.9440000000000001
1822-03-01,2.082
1822-04-01,-0.377
1822-05-01,-0.62
1822-06-01,-0.401
1822-07-01,-0.588
1822-08-01,-0.764
1822-09-01,-1.626
1822-10-01,-1.478
1822-11-01,-1.541
1822-12-01,-2.767
1823-01-01,-0.8230000000000001
1823-02-01,-1.006
1823-03-01,-0.516
1823-04-01,-0.76
1823-05-01,-0.776
1823-06-01,-0.025
1823-07-01,-0.073
1823-08-01,-0.916
1823-09-01,-1.5939999999999999
1823-10-01,-1.617
1823-11-01,-1.484
1823-12-01,-1.287
1824-01-01,0.297
1824-02-01,-0.502
1824-03-01,-0.066
1824-04-01,0.01
1824-05-01,-0.124
1824-06-01,-0.211
1824-07-01,-0.063
1824-08-01,-0.891
1824-09-01,-0.675
1824-10-01,-1.321
1824-11-01,-0.757
1824-12-01,0.835
1825-01-01,0.14100000000000001
1825-02-01,-0.35100000000000003
1825-03-01,-0.429
1825-04-01,0.58
1825-05-01,-0.404
1825-06-01,-0.012
1825-07-01,-1.026
1825-08-01,-0.9410000000000001
1825-09-01,-1.212
1825-10-01,-1.096
1825-11-01,-0.388
1825-12-01,-0.651
1826-01-01,-0.68
1826-02-01,-1.542
1826-03-01,-0.685
1826-04-01,-0.17200000000000001
1826-05-01,0.427
1826-06-01,-0.225
1826-07-01,-0.038
1826-08-01,-0.85
1826-09-01,-1.038
1826-10-01,-0.73
1826-11-01,0.581
1826-12-01,1.024
1827-01-01,0.9400000000000001
1827-02-01,0.458
1827-03-01,0.353
1827-04-01,0.909
1827-05-01,0.328
1827-06-01,-0.023
1827-07-01,0.146
1827-08-01,-0.379
1827-09-01,-0.895
1827-10-01,-0.665
1827-11-01,-0.078
1827-12-01,-0.56
1828-01-01,-1.792
1828-02-01,-1.366
1828-03-01,0.113
1828-04-01,0.28700000000000003
1828-05-01,0.026000000000000002
1828-06-01,0.195
1828-07-01,0.038
1828-08-01,-0.373
1828-09-01,-2.036
1828-10-01,-0.604
1828-11-01,-0.377
1828-12-01,-1.305
1829-01-01,-0.851
1829-02-01,-1.612
1829-03-01,-0.524
1829-04-01,-0.614
1829-05-01,-0.11900000000000001
1829-06-01,-0.873
1829-07-01,-0.23900000000000002
1829-08-01,-0.731
1829-09-01,-1.476
1829-10-01,-0.687
1829-11-01,-1.076
1829-12-01,-0.915
1830-01-01,0.606
1830-02-01,0.927
1830-03-01,-0.8270000000000001
1830-04-01,0.326
1830-05-01,-1.186
1830-06-01,-0.787
1830-07-01,0.258
1830-08-01,-0.5650000000000001
1830-09-01,-1.633
1830-10-01,-1.083
1830-11-01,1.4020000000000001
1830-12-01,0.896
1831-01-01,-0.138
1831-02-01,-0.651
1831-03-01,-0.798
1831-04-01,-0.591
1831-05-01,-0.376
1831-06-01,-0.488
1831-07-01,-0.905
1831-08-01,-1.653
1831-09-01,-1.968
1831-10-01,-1.384
1831-11-01,-1.5070000000000001
1831-12-01,-1.358
1832-01-01,-0.494
1832-02-01,-1.411
1832-03-01,-0.597
1832-04-01,-0.5
1832-05-01,-0.8310000000000001
1832-06-01,-0.981
1832-07-01,-0.794
1832-08-01,-1.7269999999999999
1832-09-01,-1.702
1832-10-01,-0.731
1832-11-01,-1.8900000000000001
1832-12-01,-2.484
1833-01-01,-0.362
1833-02-01,-0.36
1833-03-01,-1.12
1833-04-01,-0.653
1833-05-01,-0.7010000000000001
1833-06-01,-0.501
1833-07-01,-0.812
1833-08-01,-0.795
1833-09-01,-0.993
1833-10-01,-1.3639999999999999
1833-11-01,0.5730000000000001
1833-12-01,-0.387
1834-01-01,-2.167
1834-02-01,-0.454
1834-03-01,0.377
1834-04-01,-0.33
1834-05-01,-0.07200000000000001
1834-06-01,-0.726
1834-07-01,-0.468
1834-08-01,-0.676
1834-09-01,-0.716
1834-10-01,-0.722
1834-11-01,0.426
1834-12-01,-0.532
1835-01-01,0.548
1835-02-01,-0.114
1835-03-01,-0.974
1835-04-01,-0.66
1835-05-01,-1.127
1835-06-01,-1.461
1835-07-01,-1.587
1835-08-01,-1.7610000000000001
1835-09-01,-2.13
1835-10-01,-1.459
1835-11-01,-2.069
1835-12-01,-2.187
1836-01-01,-0.515
1836-02-01,-0.561
1836-03-01,-0.038
1836-04-01,-1.214
1836-05-01,-1.295
1836-06-01,-1.053
1836-07-01,-1.026
1836-08-01,-1.24
1836-09-01,-1.369
1836-10-01,-0.464
1836-11-01,-2.122
1836-12-01,-0.508
1837-01-01,-0.138
1837-02-01,-0.463
1837-03-01,-1.58
1837-04-01,-2.245
1837-05-01,-1.8090000000000002
1837-06-01,-1.468
1837-07-01,-1.214
1837-08-01,-0.977
1837-09-01,-1.376
1837-10-01,-1.6600000000000001
1837-11-01,-1.7690000000000001
1837-12-01,-1.168
1838-01-01,-3.063
1838-02-01,-1.53
1838-03-01,-1.772
1838-04-01,-1.05
1838-05-01,-1.486
1838-06-01,-0.803
1838-07-01,-0.28700000000000003
1838-08-01,-0.534
1838-09-01,-1.064
1838-10-01,-0.685
1838-11-01,-0.923
1838-12-01,-0.895
1839-01-01,-0.138
1839-02-01,0.424
1839-03-01,-2.723
1839-04-01,-0.518
1839-05-01,-1.05
1839-06-01,-0.843
1839-07-01,-0.046
1839-08-01,0.061
1839-09-01,-1.2530000000000001
1839-10-01,-1.1280000000000001
1839-11-01,-2.1310000000000002
1839-12-01,-2.34
1840-01-01,0.35000000000000003
1840-02-01,-0.993
1840-03-01,-1.361
1840-04-01,-0.616
1840-05-01,-0.267
1840-06-01,-0.37
1840-07-01,-0.018000000000000002
1840-08-01,-1.033
1840-09-01,-1.23
1840-10-01,-1.82
1840-11-01,-2.097
1840-12-01,-1.65
1841-01-01,-1.759
1841-02-01,-0.517
1841-03-01,-2.189
1841-04-01,-1.737
1841-05-01,-0.8
1841-06-01,-0.737
1841-07-01,-0.136
1841-08-01,-0.523
1841-09-01,-1.411
1841-10-01,-0.6900000000000001
1841-11-01,-1.62
1841-12-01,-1.104
1842-01-01,-0.774
1842-02-01,-0.324
1842-03-01,0.299
1842-04-01,-0.267
1842-05-01,-0.926
1842-06-01,-1.083
1842-07-01,-1.011
1842-08-01,-0.904
1842-09-01,-1.337
1842-10-01,-1.005
1842-11-01,-1.35
1842-12-01,0.14300000000000002
1843-01-01,0.633
1843-02-01,0.793
1843-03-01,-0.615
1843-04-01,-0.632
1843-05-01,-1.452
1843-06-01,-1.249
1843-07-01,-0.724
1843-08-01,-0.868
1843-09-01,-1.03
1843-10-01,-0.608
1843-11-01,-1.2690000000000001
1843-12-01,0.255
1844-01-01,-0.534
1844-02-01,-1.082
1844-03-01,-0.6880000000000001
1844-04-01,-1.089
1844-05-01,-1.354
1844-06-01,-0.886
1844-07-01,-0.753
1844-08-01,-1.096
1844-09-01,-1.338
1844-10-01,-0.614
1844-11-01,-1.776
1844-12-01,-1.721
1845-01-01,0.07200000000000001
1845-02-01,-1.674
1845-03-01,-0.982
1845-04-01,-0.369
1845-05-01,-1.003
1845-06-01,-0.838
1845-07-01,-0.295
1845-08-01,-0.5660000000000001
1845-09-01,-1.023
1845-10-01,-1.545
1845-11-01,-0.976
1845-12-01,-1.8980000000000001
1846-01-01,0.805
1846-02-01,0.293
1846-03-01,0.972
1846-04-01,-0.919
1846-05-01,-0.468
1846-06-01,-0.16
1846-07-01,0.30000000000000004
1846-08-01,0.057
1846-09-01,-0.455
1846-10-01,-1.074
1846-11-01,-0.9530000000000001
1846-12-01,-0.10200000000000001
1847-01-01,0.053
1847-02-01,0.26
1847-03-01,-1.479
1847-04-01,-0.47700000000000004
1847-05-01,-0.872
1847-06-01,-0.874
1847-07-01,-0.459
1847-08-01,-0.8280000000000001
1847-09-01,-0.774
1847-10-01,-0.766
1847-11-01,-0.603
1847-12-01,-2.031
1848-01-01,-2.165
1848-02-01,0.505
1848-03-01,-0.727
1848-04-01,-0.436
1848-05-01,-0.892
1848-06-01,-0.505
1848-07-01,-0.159
1848-08-01,-0.751
1848-09-01,-1.207
1848-10-01,-0.607
1848-11-01,-0.84
1848-12-01,-1.5150000000000001
1849-01-01,-0.656
1849-02-01,-0.636
1849-03-01,-0.06
1849-04-01,-1.351
1849-05-01,-1.2610000000000001
1849-06-01,-0.711
1849-07-01,-0.198
1849-08-01,-0.522
1849-09-01,-1.116
1849-10-01,-0.442
1849-11-01,-0.252
1849-12-01,-1.705
1850-01-01,-1.8860000000000001
1850-02-01,-0.149
1850-03-01,-0.536
1850-04-01,-1.13
1850-05-01,-1.358
1850-06-01,-0.556
1850-07-01,-0.043000000000000003
1850-08-01,-0.011
1850-09-01,-0.741
1850-10-01,-1.303
1850-11-01,-1.463
1850-12-01,-1.131
1851-01-01,-0.101
1851-02-01,-0.729
1851-03-01,-1.234
1851-04-01,-1.078
1851-05-01,-0.352
1851-06-01,-0.377
1851-07-01,-0.079
1851-08-01,-0.378
1851-09-01,-0.556
1851-10-01,-0.253
1851-11-01,-1.242
1851-12-01,-0.517
1852-01-01,-0.295
1852-02-01,-0.864
1852-03-01,-1.712
1852-04-01,-0.919
1852-05-01,-0.222
1852-06-01,-0.585
1852-07-01,-0.20600000000000002
1852-08-01,-0.891
1852-09-01,-0.738
1852-10-01,-0.4
1852-11-01,-1.558
1852-12-01,0.148
1853-01-01,-0.865
1853-02-01,-1.121
1853-03-01,-1.376
1853-04-01,-0.736
1853-05-01,-0.445
1853-06-01,-0.29
1853-07-01,0.135
1853-08-01,-0.049
1853-09-01,-0.616
1853-10-01,-0.742
1853-11-01,-1.449
1853-12-01,-0.6940000000000001
1854-01-01,-1.419
1854-02-01,-1.396
1854-03-01,-0.5750000000000001
1854-04-01,-0.677
1854-05-01,-0.339
1854-06-01,-0.909
1854-07-01,0.042
1854-08-01,-0.223
1854-09-01,-0.63
1854-10-01,0.5660000000000001
1854-11-01,-0.334
1854-12-01,-0.093
1855-01-01,0.099
1855-02-01,-0.214
1855-03-01,-0.6930000000000001
1855-04-01,0.296
1855-05-01,-0.099
1855-06-01,-0.621
1855-07-01,-0.729
1855-08-01,-0.513
1855-09-01,-0.986
1855-10-01,-0.781
1855-11-01,-0.9430000000000001
1855-12-01,-1.601
1856-01-01,0.158
1856-02-01,-1.026
1856-03-01,-0.964
1856-04-01,-0.465
1856-05-01,-0.679
1856-06-01,-0.063
1856-07-01,-0.199
1856-08-01,-0.933
1856-09-01,-1.25
1856-10-01,-1.205
1856-11-01,-0.867
1856-12-01,-0.318
1857-01-01,-0.8150000000000001
1857-02-01,-0.987
1857-03-01,-0.9430000000000001
1857-04-01,-1.506
1857-05-01,-1.509
1857-06-01,-1.003
1857-07-01,-0.626
1857-08-01,-0.717
1857-09-01,-0.9530000000000001
1857-10-01,-1.025
1857-11-01,-0.837
1857-12-01,-0.07
1858-01-01,-0.047
1858-02-01,-1.044
1858-03-01,-0.498
1858-04-01,-0.029
1858-05-01,-0.421
1858-06-01,-0.275
1858-07-01,-0.545
1858-08-01,-0.611
1858-09-01,-0.902
1858-10-01,-0.447
1858-11-01,-0.159
1858-12-01,-1.153
1859-01-01,-0.628
1859-02-01,-0.594
1859-03-01,-0.418
1859-04-01,0.352
1859-05-01,0.213
1859-06-01,-0.14200000000000002
1859-07-01,-0.406
1859-08-01,-0.5720000000000001
1859-09-01,-0.9490000000000001
1859-10-01,-0.28800000000000003
1859-11-01,-0.20600000000000002
1859-12-01,-0.328
1860-01-01,-0.793
1860-02-01,-0.753
1860-03-01,-1.937
1860-04-01,-0.443
1860-05-01,-0.254
1860-06-01,-0.20700000000000002
1860-07-01,-0.191
1860-08-01,-0.046
1860-09-01,-0.298
1860-10-01,-0.5750000000000001
1860-11-01,-1.166
1860-12-01,-2.074
1861-01-01,-2.168
1861-02-01,-1.04
1861-03-01,-0.896
1861-04-01,-0.77
1861-05-01,-0.8260000000000001
1861-06-01,-0.523
1861-07-01,-0.362
1861-08-01,-0.108
1861-09-01,-0.74
1861-10-01,-0.9480000000000001
1861-11-01,-0.289
1861-12-01,-0.732
1862-01-01,-2.12
1862-02-01,-1.657
1862-03-01,-1.099
1862-04-01,-1.161
1862-05-01,-0.451
1862-06-01,-0.654
1862-07-01,-0.47200000000000003
1862-08-01,-0.79
1862-09-01,-1.056
1862-10-01,-1.04
1862-11-01,-1.315
1862-12-01,-2.048
1863-01-01,0.359
1863-02-01,0.171
1863-03-01,-0.658
1863-04-01,-0.21
1863-05-01,-0.096
1863-06-01,-0.466
1863-07-01,-0.592
1863-08-01,-0.742
1863-09-01,-1.071
1863-10-01,-1.164
1863-11-01,-0.679
1863-12-01,-0.929
1864-01-01,-1.117
1864-02-01,-0.651
1864-03-01,-0.684
1864-04-01,-0.745
1864-05-01,-0.198
1864-06-01,-0.137
1864-07-01,-0.234
1864-08-01,-0.515
1864-09-01,-0.754
1864-10-01,-0.5710000000000001
1864-11-01,-0.982
1864-12-01,-1.451
1865-01-01,0.311
1865-02-01,-1.078
1865-03-01,-1.313
1865-04-01,-0.887
1865-05-01,-0.40700000000000003
1865-06-01,-0.432
1865-07-01,-0.224
1865-08-01,-0.28300000000000003
1865-09-01,-0.31
1865-10-01,-0.11900000000000001
1865-11-01,0.085
1865-12-01,-0.935
1866-01-01,0.314
1866-02-01,-1.057
1866-03-01,-1.014
1866-04-01,-0.52
1866-05-01,-0.47700000000000004
1866-06-01,-0.744
1866-07-01,0.17
1866-08-01,-0.485
1866-09-01,-0.495
1866-10-01,-0.668
1866-11-01,-0.111
1866-12-01,0.394
1867-01-01,-0.20600000000000002
1867-02-01,-0.734
1867-03-01,-0.925
1867-04-01,-0.188
1867-05-01,-0.8260000000000001
1867-06-01,-0.209
1867-07-01,-0.137
1867-08-01,-0.29
1867-09-01,-0.248
1867-10-01,0.005
1867-11-01,0.863
1867-12-01,0.055
1868-01-01,-0.903
1868-02-01,-1.521
1868-03-01,-0.901
1868-04-01,-0.277
1868-05-01,-0.185
1868-06-01,-0.295
1868-07-01,0.10200000000000001
1868-08-01,-0.178
1868-09-01,-0.638
1868-10-01,0.062
1868-11-01,-1.033
1868-12-01,-0.46
1869-01-01,-0.44
1869-02-01,0.512
1869-03-01,-1.318
1869-04-01,-0.429
1869-05-01,-0.101
1869-06-01,-0.035
1869-07-01,-0.034
1869-08-01,0.004
1869-09-01,0.20800000000000002
1869-10-01,-0.317
1869-11-01,-0.369
1869-12-01,-0.927
1870-01-01,-0.678
1870-02-01,-1.284
1870-03-01,-0.882
1870-04-01,-0.528
1870-05-01,-0.159
1870-06-01,0.17400000000000002
1870-07-01,0.124
1870-08-01,-0.456
1870-09-01,-0.161
1870-10-01,-0.484
1870-11-01,-0.5710000000000001
1870-12-01,-1.475
1871-01-01,-1.357
1871-02-01,-1.635
1871-03-01,-0.667
1871-04-01,0.014
1871-05-01,-0.556
1871-06-01,-0.41400000000000003
1871-07-01,-0.131
1871-08-01,-0.042
1871-09-01,-0.527
1871-10-01,-0.214
1871-11-01,-1.22
1871-12-01,-0.786
1872-01-01,-0.99
1872-02-01,-0.899
1872-03-01,-0.584
1872-04-01,-0.5690000000000001
1872-05-01,-0.20500000000000002
1872-06-01,-0.46
1872-07-01,-0.128
1872-08-01,-0.092
1872-09-01,-0.258
1872-10-01,-0.185
1872-11-01,-0.928
1872-12-01,-1.212
1873-01-01,-0.749
1873-02-01,-0.134
1873-03-01,-0.599
1873-04-01,-0.937
1873-05-01,-0.387
1873-06-01,-0.14200000000000002
1873-07-01,-0.151
1873-08-01,-0.156
1873-09-01,-0.612
1873-10-01,-0.114
1873-11-01,-0.463
1873-12-01,-0.077
1874-01-01,-0.03
1874-02-01,-0.145
1874-03-01,-1.224
1874-04-01,-0.2
1874-05-01,0.14100000000000001
1874-06-01,-0.217
1874-07-01,-0.302
1874-08-01,-0.128
1874-09-01,0.016
1874-10-01,-0.107
1874-11-01,-0.434
1874-12-01,-0.329
1875-01-01,-1.042
1875-02-01,-0.795
1875-03-01,-1.068
1875-04-01,-0.781
1875-05-01,-0.557
1875-06-01,-0.316
1875-07-01,-0.227
1875-08-01,-0.526
1875-09-01,-0.8150000000000001
1875-10-01,-0.587
1875-11-01,-1.456
1875-12-01,-0.878
1876-01-01,-0.6000000000000001
1876-02-01,-0.47800000000000004
1876-03-01,-0.488
1876-04-01,-0.073
1876-05-01,-0.642
1876-06-01,-0.333
1876-07-01,-0.094
1876-08-01,-0.433
1876-09-01,-0.405
1876-10-01,-0.253
1876-11-01,-0.975
1876-12-01,-1.471
1877-01-01,-0.329
1877-02-01,-0.306
1877-03-01,0.025
1877-04-01,-0.322
1877-05-01,-0.183
1877-06-01,-0.182
1877-07-01,0.265
1877-08-01,0.264
1877-09-01,0.037
1877-10-01,0.057
1877-11-01,0.209
1877-12-01,-0.786
1878-01-01,-0.621
1878-02-01,0.639
1878-03-01,1.391
1878-04-01,0.603
1878-05-01,-0.29
1878-06-01,0.34
1878-07-01,0.424
1878-08-01,0.272
1878-09-01,0.028
1878-10-01,-0.038
1878-11-01,0.383
1878-12-01,-0.241
1879-01-01,-0.276
1879-02-01,-0.496
1879-03-01,-0.243
1879-04-01,-0.532
1879-05-01,-0.443
1879-06-01,-0.28
1879-07-01,-0.187
1879-08-01,-0.605
1879-09-01,-0.597
1879-10-01,0.127
1879-11-01,-0.609
1879-12-01,-1.173
1880-01-01,-0.729
1880-02-01,-1.344
1880-03-01,-0.934
1880-04-01,-0.913
1880-05-01,-0.343
1880-06-01,-0.367
1880-07-01,-0.27
1880-08-01,-0.28200000000000003
1880-09-01,-0.671
1880-10-01,-0.546
1880-11-01,-0.29
1880-12-01,-0.417
1881-01-01,-0.164
1881-02-01,-0.596
1881-03-01,-0.273
1881-04-01,0.026000000000000002
1881-05-01,-0.194
1881-06-01,-0.781
1881-07-01,-0.21
1881-08-01,-0.128
1881-09-01,-0.35000000000000003
1881-10-01,-0.38
1881-11-01,-0.774
1881-12-01,-0.352
1882-01-01,0.54
1882-02-01,0.07
1882-03-01,-0.337
1882-04-01,-0.659
1882-05-01,-0.40900000000000003
1882-06-01,-0.606
1882-07-01,-0.631
1882-08-01,-0.261
1882-09-01,-0.266
1882-10-01,-0.68
1882-11-01,-1.016
1882-12-01,-1.3
1883-01-01,-0.988
1883-02-01,-1.239
1883-03-01,-0.241
1883-04-01,-0.557
1883-05-01,-0.456
1883-06-01,-0.134
1883-07-01,-0.356
1883-08-01,-0.636
1883-09-01,-0.662
1883-10-01,-0.242
1883-11-01,-1.064
1883-12-01,-0.265
1884-01-01,-0.315
1884-02-01,-0.553
1884-03-01,-1.306
1884-04-01,-1.091
1884-05-01,-1.123
1884-06-01,-0.902
1884-07-01,-0.6930000000000001
1884-08-01,-0.555
1884-09-01,-0.792
1884-10-01,-0.623
1884-11-01,-0.878
1884-12-01,-0.497
1885-01-01,-1.3940000000000001
1885-02-01,-0.841
1885-03-01,-0.47700000000000004
1885-04-01,-0.772
1885-05-01,-0.748
1885-06-01,-0.704
1885-07-01,-0.265
1885-08-01,-0.538
1885-09-01,-0.648
1885-10-01,-0.451
1885-11-01,-0.637
1885-12-01,0.171
1886-01-01,-1.069
1886-02-01,-1.362
1886-03-01,-0.993
1886-04-01,-0.28600000000000003
1886-05-01,-0.542
1886-06-01,-0.617
1886-07-01,-0.111
1886-08-01,-0.606
1886-09-01,-0.517
1886-10-01,-0.643
1886-11-01,-0.799
1886-12-01,0.062
1887-01-01,-1.681
1887-02-01,-1.041
1887-03-01,-0.709
1887-04-01,-0.47400000000000003
1887-05-01,-0.47700000000000004
1887-06-01,-0.642
1887-07-01,-0.279
1887-08-01,-0.796
1887-09-01,-0.343
1887-10-01,-0.46900000000000003
1887-11-01,-0.422
1887-12-01,-0.656
1888-01-01,-0.654
1888-02-01,-1.023
1888-03-01,-0.861
1888-04-01,-0.452
1888-05-01,-0.63
1888-06-01,-0.559
1888-07-01,-0.10300000000000001
1888-08-01,-0.34600000000000003
1888-09-01,-0.32
1888-10-01,-0.016
1888-11-01,-0.229
1888-12-01,-0.249
1889-01-01,-0.684
1889-02-01,0.39
1889-03-01,0.07200000000000001
1889-04-01,0.324
1889-05-01,-0.111
1889-06-01,-0.14100000000000001
1889-07-01,-0.088
1889-08-01,-0.404
1889-09-01,-0.514
1889-10-01,-0.452
1889-11-01,-1.031
1889-12-01,-0.466
1890-01-01,-0.706
1890-02-01,-0.704
1890-03-01,-1.044
1890-04-01,-0.47900000000000004
1890-05-01,-0.881
1890-06-01,-0.643
1890-07-01,-0.352
1890-08-01,-0.611
1890-09-01,-0.504
1890-10-01,-0.06
1890-11-01,-1.1
1890-12-01,-0.646
1891-01-01,-0.884
1891-02-01,-1.298
1891-03-01,-0.491
1891-04-01,-0.637
1891-05-01,-0.51
1891-06-01,-0.6000000000000001
1891-07-01,-0.385
1891-08-01,-0.377
1891-09-01,-0.34500000000000003
1891-10-01,-0.537
1891-11-01,-0.9390000000000001
1891-12-01,0.059000000000000004
1892-01-01,-0.5680000000000001
1892-02-01,-0.392
1892-03-01,-0.9460000000000001
1892-04-01,-0.676
1892-05-01,-0.596
1892-06-01,-0.176
1892-07-01,-0.422
1892-08-01,-0.454
1892-09-01,-0.394
1892-10-01,0.007
1892-11-01,-1.183
1892-12-01,-0.685
1893-01-01,-2.029
1893-02-01,-1.492
1893-03-01,-0.29
1893-04-01,-0.302
1893-05-01,-0.539
1893-06-01,-0.358
1893-07-01,-0.013000000000000001
1893-08-01,-0.394
1893-09-01,-0.297
1893-10-01,-0.11
1893-11-01,-0.231
1893-12-01,-0.493
1894-01-01,-0.8320000000000001
1894-02-01,-0.28600000000000003
1894-03-01,-0.195
1894-04-01,-0.597
1894-05-01,-0.29
1894-06-01,-0.5740000000000001
1894-07-01,-0.231
1894-08-01,-0.293
1894-09-01,-0.456
1894-10-01,-0.077
1894-11-01,-0.588
1894-12-01,-0.387
1895-01-01,-1.178
1895-02-01,-1.067
1895-03-01,-0.594
1895-04-01,-0.06
1895-05-01,-0.335
1895-06-01,-0.34
1895-07-01,-0.15
1895-08-01,-0.311
1895-09-01,-0.277
1895-10-01,-0.078
1895-11-01,-0.229
1895-12-01,-0.145
1896-01-01,-0.222
1896-02-01,-0.402
1896-03-01,-1.003
1896-04-01,-0.843
1896-05-01,-0.382
1896-06-01,-0.121
1896-07-01,-0.079
1896-08-01,-0.161
1896-09-01,-0.217
1896-10-01,0.234
1896-11-01,-0.725
1896-12-01,-0.28600000000000003
1897-01-01,-0.606
1897-02-01,-0.667
1897-03-01,-0.916
1897-04-01,0.025
1897-05-01,0.129
1897-06-01,-0.149
1897-07-01,-0.052000000000000005
1897-08-01,-0.198
1897-09-01,-0.112
1897-10-01,0.041
1897-11-01,-0.352
1897-12-01,-0.34
1898-01-01,0.262
1898-02-01,-0.749
1898-03-01,-1.487
1898-04-01,-0.393
1898-05-01,-0.442
1898-06-01,-0.043000000000000003
1898-07-01,-0.24
1898-08-01,-0.29
1898-09-01,-0.32
1898-10-01,-0.422
1898-11-01,-0.601
1898-12-01,-0.133
1899-01-01,0.063
1899-02-01,-0.742
1899-03-01,-0.619
1899-04-01,0.078
1899-05-01,-0.181
1899-06-01,-0.449
1899-07-01,-0.112
1899-08-01,-0.093
1899-09-01,0.074
1899-10-01,0.158
1899-11-01,0.516
1899-12-01,-0.548
1900-01-01,-0.98
1900-02-01,-0.026000000000000002
1900-03-01,0.245
1900-04-01,-0.044
1900-05-01,0.2
1900-06-01,-0.056
1900-07-01,-0.113
1900-08-01,-0.048
1900-09-01,-0.068
1900-10-01,0.487
1900-11-01,-0.264
1900-12-01,0.11800000000000001
1901-01-01,-0.36
1901-02-01,-0.004
1901-03-01,0.365
1901-04-01,0.301
1901-05-01,-0.074
1901-06-01,-0.008
1901-07-01,0.03
1901-08-01,-0.005
1901-09-01,-0.095
1901-10-01,-0.187
1901-11-01,-0.10200000000000001
1901-12-01,-0.187
1902-01-01,0.105
1902-02-01,0.447
1902-03-01,-0.388
1902-04-01,-0.28200000000000003
1902-05-01,-0.361
1902-06-01,-0.179
1902-07-01,-0.098
1902-08-01,-0.279
1902-09-01,-0.317
1902-10-01,-0.426
1902-11-01,-0.806
1902-12-01,-0.85
1903-01-01,-0.046
1903-02-01,0.341
1903-03-01,-0.30000000000000004
1903-04-01,-0.392
1903-05-01,-0.461
1903-06-01,-0.558
1903-07-01,-0.336
1903-08-01,-0.44
1903-09-01,-0.618
1903-10-01,-0.401
1903-11-01,-0.505
1903-12-01,-0.658
1904-01-01,-0.808
1904-02-01,-0.8270000000000001
1904-03-01,-0.725
1904-04-01,-0.558
1904-05-01,-0.419
1904-06-01,-0.457
1904-07-01,-0.532
1904-08-01,-0.41000000000000003
1904-09-01,-0.708
1904-10-01,-0.456
1904-11-01,0.147
1904-12-01,-0.244
1905-01-01,-0.256
1905-02-01,-1.176
1905-03-01,-0.532
1905-04-01,-0.47600000000000003
1905-05-01,-0.267
1905-06-01,-0.28800000000000003
1905-07-01,-0.226
1905-08-01,-0.259
1905-09-01,-0.318
1905-10-01,-0.231
1905-11-01,0.08
1905-12-01,-0.187
1906-01-01,-0.47100000000000003
1906-02-01,-0.774
1906-03-01,-0.312
1906-04-01,0.377
1906-05-01,-0.026000000000000002
1906-06-01,-0.083
1906-07-01,-0.188
1906-08-01,-0.153
1906-09-01,-0.316
1906-10-01,0.04
1906-11-01,-0.531
1906-12-01,0.178
1907-01-01,-0.721
1907-02-01,-0.9590000000000001
1907-03-01,-0.616
1907-04-01,-0.598
1907-05-01,-0.872
1907-06-01,-0.7000000000000001
1907-07-01,-0.543
1907-08-01,-0.47100000000000003
1907-09-01,-0.381
1907-10-01,0.022
1907-11-01,-0.812
1907-12-01,-0.5760000000000001
1908-01-01,-0.253
1908-02-01,-0.267
1908-03-01,-1.039
1908-04-01,-0.385
1908-05-01,-0.126
1908-06-01,-0.161
1908-07-01,-0.125
1908-08-01,-0.445
1908-09-01,-0.10200000000000001
1908-10-01,-0.34600000000000003
1908-11-01,-0.795
1908-12-01,-0.51
1909-01-01,-1.174
1909-02-01,-0.445
1909-03-01,-0.615
1909-04-01,-0.662
1909-05-01,-0.639
1909-06-01,-0.468
1909-07-01,-0.253
1909-08-01,-0.089
1909-09-01,-0.17200000000000001
1909-10-01,-0.05
1909-11-01,0.187
1909-12-01,-0.321
1910-01-01,-0.137
1910-02-01,-0.329
1910-03-01,-0.579
1910-04-01,-0.121
1910-05-01,-0.278
1910-06-01,-0.325
1910-07-01,-0.061
1910-08-01,-0.155
1910-09-01,-0.332
1910-10-01,-0.223
1910-11-01,-0.739
1910-12-01,-0.896
1911-01-01,-0.907
1911-02-01,-0.6990000000000001
1911-03-01,-0.845
1911-04-01,-0.243
1911-05-01,-0.47000000000000003
1911-06-01,-0.379
1911-07-01,-0.272
1911-08-01,-0.382
1911-09-01,-0.456
1911-10-01,0.022
1911-11-01,-0.11800000000000001
1911-12-01,-0.157
1912-01-01,-0.159
1912-02-01,0.109
1912-03-01,-0.907
1912-04-01,-0.002
1912-05-01,-0.021
1912-06-01,0.028
1912-07-01,-0.589
1912-08-01,-0.756
1912-09-01,-0.863
1912-10-01,-0.891
1912-11-01,-0.518
1912-12-01,-0.522
1913-01-01,-0.47800000000000004
1913-02-01,-0.794
1913-03-01,-0.72
1913-04-01,-0.244
1913-05-01,-0.544
1913-06-01,-0.44
1913-07-01,-0.179
1913-08-01,-0.136
1913-09-01,-0.319
1913-10-01,-0.162
1913-11-01,-0.01
1913-12-01,0.537
1914-01-01,0.8270000000000001
1914-02-01,0.082
1914-03-01,-0.29
1914-04-01,-0.181
1914-05-01,0.038
1914-06-01,0.056
1914-07-01,-0.025
1914-08-01,-0.131
1914-09-01,-0.151
1914-10-01,0.201
1914-11-01,-0.263
1914-12-01,0.047
1915-01-01,-0.261
1915-02-01,0.115
1915-03-01,-0.112
1915-04-01,0.426
1915-05-01,0.183
1915-06-01,-0.161
1915-07-01,0.054
1915-08-01,-0.126
1915-09-01,-0.265
1915-10-01,-0.259
1915-11-01,0.135
1915-12-01,-0.011
1916-01-01,0.033
1916-02-01,-0.171
1916-03-01,-0.401
1916-04-01,-0.202
1916-05-01,-0.322
1916-06-01,-0.549
1916-07-01,-0.302
1916-08-01,-0.294
1916-09-01,-0.372
1916-10-01,-0.198
1916-11-01,-0.458
1916-12-01,-1.2469999999999999
1917-01-01,-0.433
1917-02-01,-0.848
1917-03-01,-0.8220000000000001
1917-04-01,-0.45
1917-05-01,-0.87
1917-06-01,-0.604
1917-07-01,-0.11900000000000001
1917-08-01,-0.41000000000000003
1917-09-01,-0.371
1917-10-01,-0.68
1917-11-01,-0.23800000000000002
1917-12-01,-1.316
1918-01-01,-0.638
1918-02-01,-0.6890000000000001
1918-03-01,-0.41100000000000003
1918-04-01,-0.644
1918-05-01,-0.803
1918-06-01,-0.523
1918-07-01,-0.35100000000000003
1918-08-01,-0.459
1918-09-01,-0.209
1918-10-01,0.184
1918-11-01,-0.359
1918-12-01,-0.759
1919-01-01,-0.372
1919-02-01,-0.326
1919-03-01,-0.521
1919-04-01,0.199
1919-05-01,-0.325
1919-06-01,-0.229
1919-07-01,-0.063
1919-08-01,-0.10300000000000001
1919-09-01,-0.126
1919-10-01,0.115
1919-11-01,-0.561
1919-12-01,-0.372
1920-01-01,0.293
1920-02-01,-0.441
1920-03-01,-0.016
1920-04-01,0.027
1920-05-01,-0.179
1920-06-01,-0.369
1920-07-01,-0.10400000000000001
1920-08-01,-0.232
1920-09-01,-0.316
1920-10-01,-0.215
1920-11-01,-0.507
1920-12-01,-0.9510000000000001
1921-01-01,0.40900000000000003
1921-02-01,-0.041
1921-03-01,-0.221
1921-04-01,0.022
1921-05-01,-0.10400000000000001
1921-06-01,-0.023
1921-07-01,0.057
1921-08-01,-0.372
1921-09-01,-0.231
1921-10-01,0.037
1921-11-01,-0.22
1921-12-01,0.061
1922-01-01,-0.432
1922-02-01,-0.804
1922-03-01,-0.123
1922-04-01,0.093
1922-05-01,-0.242
1922-06-01,-0.152
1922-07-01,-0.11800000000000001
1922-08-01,-0.361
1922-09-01,-0.375
1922-10-01,-0.196
1922-11-01,-0.033
1922-12-01,0.057
1923-01-01,-0.06
1923-02-01,-0.626
1923-03-01,-0.422
1923-04-01,-0.54
1923-05-01,-0.465
1923-06-01,-0.231
1923-07-01,-0.41300000000000003
1923-08-01,-0.327
1923-09-01,-0.255
1923-10-01,0.232
1923-11-01,0.28400000000000003
1923-12-01,0.281
1924-01-01,-0.265
1924-02-01,-0.29
1924-03-01,0.056
1924-04-01,-0.35000000000000003
1924-05-01,-0.163
1924-06-01,-0.176
1924-07-01,-0.088
1924-08-01,-0.28500000000000003
1924-09-01,-0.196
1924-10-01,-0.068
1924-11-01,0.302
1924-12-01,-0.152
1925-01-01,-0.303
1925-02-01,-0.511
1925-03-01,-0.226
1925-04-01,0.09
1925-05-01,-0.319
1925-06-01,-0.43
1925-07-01,-0.339
1925-08-01,-0.152
1925-09-01,-0.16
1925-10-01,-0.096
1925-11-01,0.249
1925-12-01,0.725
1926-01-01,0.859
1926-02-01,0.494
1926-03-01,0.494
1926-04-01,-0.129
1926-05-01,-0.436
1926-06-01,-0.277
1926-07-01,-0.23900000000000002
1926-08-01,-0.07100000000000001
1926-09-01,-0.068
1926-10-01,0.267
1926-11-01,0.169
1926-12-01,-0.322
1927-01-01,-0.311
1927-02-01,-0.243
1927-03-01,-0.68
1927-04-01,-0.28600000000000003
1927-05-01,-0.214
1927-06-01,-0.276
1927-07-01,-0.105
1927-08-01,-0.249
1927-09-01,0.094
1927-10-01,0.605
1927-11-01,0.197
1927-12-01,-0.455
1928-01-01,0.356
1928-02-01,0.122
1928-03-01,-0.342
1928-04-01,-0.11900000000000001
1928-05-01,-0.225
1928-06-01,-0.45
1928-07-01,-0.121
1928-08-01,-0.23900000000000002
1928-09-01,-0.13
1928-10-01,0.17300000000000001
1928-11-01,0.19
1928-12-01,0.184
1929-01-01,-0.619
1929-02-01,-1.099
1929-03-01,-0.242
1929-04-01,-0.30000000000000004
1929-05-01,-0.493
1929-06-01,-0.632
1929-07-01,-0.489
1929-08-01,-0.297
1929-09-01,-0.331
1929-10-01,0.14200000000000002
1929-11-01,-0.009000000000000001
1929-12-01,-1.155
1930-01-01,-0.296
1930-02-01,-0.134
1930-03-01,0.18
1930-04-01,-0.234
1930-05-01,-0.34600000000000003
1930-06-01,-0.218
1930-07-01,0.024
1930-08-01,-0.026000000000000002
1930-09-01,-0.293
1930-10-01,-0.048
1930-11-01,0.41500000000000004
1930-12-01,0.109
1931-01-01,0.045
1931-02-01,-0.533
1931-03-01,-0.097
1931-04-01,-0.233
1931-05-01,-0.41100000000000003
1931-06-01,0.013000000000000001
1931-07-01,0.166
1931-08-01,0.166
1931-09-01,0.14
1931-10-01,0.647
1931-11-01,0.10200000000000001
1931-12-01,0.324
1932-01-01,0.9430000000000001
1932-02-01,-0.273
1932-03-01,-0.41600000000000004
1932-04-01,0.384
1932-05-01,-0.161
1932-06-01,-0.177
1932-07-01,-0.03
1932-08-01,-0.196
1932-09-01,0.147
1932-10-01,0.386
1932-11-01,-0.263
1932-12-01,-0.194
1933-01-01,-0.501
1933-02-01,-0.609
1933-03-01,-0.497
1933-04-01,-0.274
1933-05-01,-0.352
1933-06-01,-0.428
1933-07-01,-0.151
1933-08-01,-0.14400000000000002
1933-09-01,-0.28300000000000003
1933-10-01,-0.056
1933-11-01,-0.265
1933-12-01,-0.5660000000000001
1934-01-01,-0.224
1934-02-01,0.436
1934-03-01,-0.593
1934-04-01,-0.397
1934-05-01,0.097
1934-06-01,-0.138
1934-07-01,-0.047
1934-08-01,-0.166
1934-09-01,-0.39
1934-10-01,0.11900000000000001
1934-11-01,0.217
1934-12-01,0.251
1935-01-01,-0.514
1935-02-01,0.8290000000000001
1935-03-01,0.01
1935-04-01,-0.647
1935-05-01,-0.519
1935-06-01,-0.261
1935-07-01,-0.092
1935-08-01,-0.159
1935-09-01,-0.159
1935-10-01,0.179
1935-11-01,-0.714
1935-12-01,-0.301
1936-01-01,-0.463
1936-02-01,-0.785
1936-03-01,-0.362
1936-04-01,-0.28200000000000003
1936-05-01,-0.164
1936-06-01,-0.199
1936-07-01,0.216
1936-08-01,-0.08700000000000001
1936-09-01,-0.136
1936-10-01,0.158
1936-11-01,0.047
1936-12-01,0.195
1937-01-01,-0.233
1937-02-01,0.271
1937-03-01,-0.514
1937-04-01,-0.262
1937-05-01,0.002
1937-06-01,0.052000000000000005
1937-07-01,-0.021
1937-08-01,0.075
1937-09-01,0.251
1937-10-01,0.41200000000000003
1937-11-01,0.188
1937-12-01,-0.243
1938-01-01,0.213
1938-02-01,0.145
1938-03-01,0.294
1938-04-01,0.518
1938-05-01,0.08600000000000001
1938-06-01,-0.227
1938-07-01,0.066
1938-08-01,0.047
1938-09-01,0.28500000000000003
1938-10-01,0.485
1938-11-01,0.385
1938-12-01,-0.189
1939-01-01,0.269
1939-02-01,-0.014
1939-03-01,-0.424
1939-04-01,-0.053
1939-05-01,0.138
1939-06-01,0.013000000000000001
1939-07-01,0.023
1939-08-01,0.018000000000000002
1939-09-01,-0.168
1939-10-01,-0.058
1939-11-01,0.028
1939-12-01,1.246
1940-01-01,-0.339
1940-02-01,0.13
1940-03-01,0.021
1940-04-01,0.327
1940-05-01,-0.068
1940-06-01,0.051000000000000004
1940-07-01,0.221
1940-08-01,-0.061
1940-09-01,0.154
1940-10-01,0.182
1940-11-01,-0.07
1940-12-01,0.422
1941-01-01,0.064
1941-02-01,0.34900000000000003
1941-03-01,-0.17400000000000002
1941-04-01,0.149
1941-05-01,0.098
1941-06-01,0.095
1941-07-01,0.294
1941-08-01,0.11800000000000001
1941-09-01,-0.308
1941-10-01,0.41300000000000003
1941-11-01,-0.20700000000000002
1941-12-01,-0.026000000000000002
1942-01-01,0.423
1942-02-01,-0.41100000000000003
1942-03-01,-0.088
1942-04-01,0.037
1942-05-01,-0.062
1942-06-01,0.038
1942-07-01,-0.162
1942-08-01,-0.132
1942-09-01,0.017
1942-10-01,0.34600000000000003
1942-11-01,0.242
1942-12-01,0.219
1943-01-01,-0.28800000000000003
1943-02-01,0.259
1943-03-01,-0.25
1943-04-01,0.272
1943-05-01,0.093
1943-06-01,-0.371
1943-07-01,0.065
1943-08-01,-0.13
1943-09-01,-0.04
1943-10-01,0.621
1943-11-01,0.097
1943-12-01,0.536
1944-01-01,0.854
1944-02-01,0.294
1944-03-01,0.148
1944-04-01,0.042
1944-05-01,-0.03
1944-06-01,-0.06
1944-07-01,0.077
1944-08-01,0.127
1944-09-01,0.317
1944-10-01,0.514
1944-11-01,-0.067
1944-12-01,-0.253
1945-01-01,-0.14200000000000002
1945-02-01,-0.621
1945-03-01,-0.188
1945-04-01,0.28300000000000003
1945-05-01,-0.30000000000000004
1945-06-01,-0.20600000000000002
1945-07-01,-0.181
1945-08-01,0.376
1945-09-01,0.077
1945-10-01,0.289
1945-11-01,-0.081
1945-12-01,-0.547
1946-01-01,0.319
1946-02-01,0.187
1946-03-01,-0.15
1946-04-01,0.441
1946-05-01,-0.025
1946-06-01,-0.233
1946-07-01,0.007
1946-08-01,-0.095
1946-09-01,-0.064
1946-10-01,0.005
1946-11-01,0.099
1946-12-01,-0.52
1947-01-01,-0.051000000000000004
1947-02-01,0.019
1947-03-01,0.40900000000000003
1947-04-01,0.295
1947-05-01,-0.053
1947-06-01,-0.094
1947-07-01,-0.042
1947-08-01,-0.08
1947-09-01,0.041
1947-10-01,0.731
1947-11-01,0.281
1947-12-01,-0.043000000000000003
1948-01-01,0.6940000000000001
1948-02-01,-0.064
1948-03-01,-0.458
1948-04-01,0.099
1948-05-01,0.132
1948-06-01,0.121
1948-07-01,0.033
1948-08-01,-0.038
1948-09-01,0.013000000000000001
1948-10-01,0.296
1948-11-01,0.055
1948-12-01,-0.192
1949-01-01,0.5640000000000001
1949-02-01,-0.523
1949-03-01,-0.334
1949-04-01,-0.057
1949-05-01,-0.08700000000000001
1949-06-01,-0.328
1949-07-01,-0.198
1949-08-01,-0.099
1949-09-01,-0.193
1949-10-01,0.244
1949-11-01,-0.004
1949-12-01,-0.224
1950-01-01,-0.655
1950-02-01,-0.546
1950-03-01,-0.136
1950-04-01,-0.273
1950-05-01,-0.105
1950-06-01,-0.158
1950-07-01,-0.23800000000000002
1950-08-01,-0.45
1950-09-01,-0.161
1950-10-01,-0.113
1950-11-01,-0.731
1950-12-01,-0.137
1951-01-01,-0.506
1951-02-01,-0.913
1951-03-01,-0.28200000000000003
1951-04-01,-0.009000000000000001
1951-05-01,0.084
1951-06-01,-0.28800000000000003
1951-07-01,-0.1
1951-08-01,0.115
1951-09-01,0.198
1951-10-01,0.40900000000000003
1951-11-01,0.10200000000000001
1951-12-01,0.635
1952-01-01,0.383
1952-02-01,0.117
1952-03-01,-0.41600000000000004
1952-04-01,0.099
1952-05-01,-0.041
1952-06-01,-0.06
1952-07-01,0.17500000000000002
1952-08-01,0.078
1952-09-01,0.145
1952-10-01,-0.117
1952-11-01,-0.6910000000000001
1952-12-01,-0.01
1953-01-01,0.302
1953-02-01,0.359
1953-03-01,0.34500000000000003
1953-04-01,0.507
1953-05-01,0.125
1953-06-01,0.095
1953-07-01,0.007
1953-08-01,0.164
1953-09-01,0.094
1953-10-01,0.325
1953-11-01,-0.202
1953-12-01,0.316
1954-01-01,-0.607
1954-02-01,-0.186
1954-03-01,-0.251
1954-04-01,-0.194
1954-05-01,-0.368
1954-06-01,-0.112
1954-07-01,-0.139
1954-08-01,-0.034
1954-09-01,0.0
1954-10-01,0.306
1954-11-01,0.486
1954-12-01,-0.097
1955-01-01,0.757
1955-02-01,-0.10400000000000001
1955-03-01,-0.786
1955-04-01,-0.268
1955-05-01,-0.21
1955-06-01,0.016
1955-07-01,-0.133
1955-08-01,0.391
1955-09-01,-0.169
1955-10-01,0.455
1955-11-01,-0.14400000000000002
1955-12-01,-0.368
1956-01-01,-0.156
1956-02-01,-0.464
1956-03-01,-0.462
1956-04-01,-0.459
1956-05-01,-0.684
1956-06-01,-0.329
1956-07-01,-0.201
1956-08-01,-0.704
1956-09-01,-0.337
1956-10-01,-0.332
1956-11-01,-0.367
1956-12-01,-0.092
1957-01-01,-0.193
1957-02-01,-0.159
1957-03-01,-0.357
1957-04-01,-0.121
1957-05-01,-0.176
1957-06-01,0.147
1957-07-01,-0.297
1957-08-01,0.05
1957-09-01,0.091
1957-10-01,0.128
1957-11-01,0.245
1957-12-01,0.637
1958-01-01,0.903
1958-02-01,0.41300000000000003
1958-03-01,0.082
1958-04-01,0.14200000000000002
1958-05-01,0.131
1958-06-01,-0.37
1958-07-01,0.017
1958-08-01,-0.336
1958-09-01,-0.278
1958-10-01,0.10400000000000001
1958-11-01,0.147
1958-12-01,0.146
1959-01-01,0.333
1959-02-01,0.099
1959-03-01,0.524
1959-04-01,0.467
1959-05-01,-0.017
1959-06-01,0.07100000000000001
1959-07-01,0.082
1959-08-01,-0.01
1959-09-01,-0.157
1959-10-01,-0.094
1959-11-01,-0.361
1959-12-01,0.1
1960-01-01,0.074
1960-02-01,0.552
1960-03-01,-1.073
1960-04-01,-0.28300000000000003
1960-05-01,-0.503
1960-06-01,-0.089
1960-07-01,-0.19
1960-08-01,-0.059000000000000004
1960-09-01,-0.005
1960-10-01,0.218
1960-11-01,-0.29
1960-12-01,0.591
1961-01-01,0.297
1961-02-01,0.449
1961-03-01,0.195
1961-04-01,0.258
1961-05-01,0.24
1961-06-01,0.159
1961-07-01,-0.079
1961-08-01,-0.028
1961-09-01,0.124
1961-10-01,0.05
1961-11-01,0.079
1961-12-01,-0.194
1962-01-01,0.35100000000000003
1962-02-01,0.417
1962-03-01,0.187
1962-04-01,0.163
1962-05-01,-0.253
1962-06-01,-0.081
1962-07-01,-0.169
1962-08-01,-0.191
1962-09-01,-0.121
1962-10-01,0.167
1962-11-01,0.127
1962-12-01,0.24
1963-01-01,0.252
1963-02-01,0.787
1963-03-01,-0.24
1963-04-01,-0.197
1963-05-01,-0.328
1963-06-01,-0.126
1963-07-01,0.128
1963-08-01,0.427
1963-09-01,0.456
1963-10-01,0.653
1963-11-01,0.387
1963-12-01,0.049
1964-01-01,0.165
1964-02-01,-0.202
1964-03-01,-0.511
1964-04-01,-0.494
1964-05-01,-0.458
1964-06-01,-0.025
1964-07-01,-0.051000000000000004
1964-08-01,-0.23500000000000001
1964-09-01,-0.523
1964-10-01,-0.47800000000000004
1964-11-01,-0.17300000000000001
1964-12-01,-0.264
1965-01-01,0.2
1965-02-01,-0.223
1965-03-01,-0.17200000000000001
1965-04-01,-0.389
1965-05-01,-0.171
1965-06-01,-0.203
1965-07-01,-0.304
1965-08-01,-0.076
1965-09-01,-0.402
1965-10-01,0.23500000000000001
1965-11-01,-0.272
1965-12-01,0.084
1966-01-01,-0.168
1966-02-01,0.044
1966-03-01,0.202
1966-04-01,-0.198
1966-05-01,-0.152
1966-06-01,0.021
1966-07-01,0.244
1966-08-01,-0.123
1966-09-01,0.049
1966-10-01,-0.152
1966-11-01,-0.154
1966-12-01,-0.301
1967-01-01,0.07200000000000001
1967-02-01,-0.308
1967-03-01,0.095
1967-04-01,0.058
1967-05-01,0.277
1967-06-01,-0.321
1967-07-01,0.009000000000000001
1967-08-01,-0.147
1967-09-01,-0.017
1967-10-01,0.539
1967-11-01,0.05
1967-12-01,0.23500000000000001
1968-01-01,-0.297
1968-02-01,-0.015
1968-03-01,0.785
1968-04-01,0.094
1968-05-01,-0.359
1968-06-01,-0.271
1968-07-01,-0.41500000000000004
1968-08-01,-0.383
1968-09-01,-0.527
1968-10-01,0.188
1968-11-01,-0.231
1968-12-01,-0.442
1969-01-01,-0.685
1969-02-01,-0.8130000000000001
1969-03-01,-0.28400000000000003
1969-04-01,0.21
1969-05-01,0.011
1969-06-01,-0.036000000000000004
1969-07-01,-0.151
1969-08-01,-0.048
1969-09-01,-0.08
1969-10-01,0.219
1969-11-01,0.292
1969-12-01,0.514
1970-01-01,0.179
1970-02-01,0.526
1970-03-01,-0.037
1970-04-01,0.231
1970-05-01,-0.147
1970-06-01,0.003
1970-07-01,0.054
1970-08-01,-0.20500000000000002
1970-09-01,0.188
1970-10-01,0.131
1970-11-01,-0.078
1970-12-01,-0.184
1971-01-01,0.322
1971-02-01,-0.371
1971-03-01,-0.317
1971-04-01,-0.039
1971-05-01,-0.152
1971-06-01,-0.393
1971-07-01,-0.2
1971-08-01,0.014
1971-09-01,0.042
1971-10-01,0.125
1971-11-01,0.177
1971-12-01,0.183
1972-01-01,-0.768
1972-02-01,-0.671
1972-03-01,-0.105
1972-04-01,-0.022
1972-05-01,-0.19
1972-06-01,-0.01
1972-07-01,-0.109
1972-08-01,0.318
1972-09-01,-0.17200000000000001
1972-10-01,0.074
1972-11-01,-0.321
1972-12-01,0.111
1973-01-01,0.41000000000000003
1973-02-01,0.631
1973-03-01,0.531
1973-04-01,0.614
1973-05-01,0.426
1973-06-01,0.34
1973-07-01,0.107
1973-08-01,0.03
1973-09-01,0.065
1973-10-01,0.358
1973-11-01,0.134
1973-12-01,0.191
1974-01-01,-0.34800000000000003
1974-02-01,-0.654
1974-03-01,-0.14100000000000001
1974-04-01,0.002
1974-05-01,-0.164
1974-06-01,-0.089
1974-07-01,-0.039
1974-08-01,0.168
1974-09-01,-0.323
1974-10-01,-0.121
1974-11-01,-0.225
1974-12-01,-0.12
1975-01-01,0.432
1975-02-01,0.196
1975-03-01,0.401
1975-04-01,0.257
1975-05-01,0.406
1975-06-01,0.069
1975-07-01,0.012
1975-08-01,-0.373
1975-09-01,0.061
1975-10-01,0.08700000000000001
1975-11-01,-0.19
1975-12-01,0.023
1976-01-01,0.269
1976-02-01,-0.158
1976-03-01,-0.793
1976-04-01,-0.059000000000000004
1976-05-01,-0.406
1976-06-01,-0.398
1976-07-01,-0.14300000000000002
1976-08-01,-0.336
1976-09-01,-0.17
1976-10-01,-0.707
1976-11-01,-0.41200000000000003
1976-12-01,0.043000000000000003
1977-01-01,-0.101
1977-02-01,0.292
1977-03-01,0.421
1977-04-01,0.506
1977-05-01,0.445
1977-06-01,0.421
1977-07-01,0.326
1977-08-01,0.268
1977-09-01,-0.184
1977-10-01,-0.045
1977-11-01,0.462
1977-12-01,0.137
1978-01-01,0.128
1978-02-01,0.271
1978-03-01,0.316
1978-04-01,0.467
1978-05-01,0.047
1978-06-01,-0.268
1978-07-01,0.042
1978-08-01,-0.55
1978-09-01,-0.024
1978-10-01,0.116
1978-11-01,0.28300000000000003
1978-12-01,0.13
1979-01-01,0.076
1979-02-01,-0.362
1979-03-01,0.132
1979-04-01,0.128
1979-05-01,-0.197
1979-06-01,-0.057
1979-07-01,-0.254
1979-08-01,-0.012
1979-09-01,0.178
1979-10-01,0.343
1979-11-01,0.20400000000000001
1979-12-01,0.9440000000000001
1980-01-01,0.352
1980-02-01,0.46900000000000003
1980-03-01,0.042
1980-04-01,0.5750000000000001
1980-05-01,0.441
1980-06-01,0.099
1980-07-01,0.41100000000000003
1980-08-01,0.333
1980-09-01,0.254
1980-10-01,0.315
1980-11-01,0.613
1980-12-01,0.386
1981-01-01,1.213
1981-02-01,0.837
1981-03-01,0.889
1981-04-01,0.5710000000000001
1981-05-01,0.185
1981-06-01,0.28800000000000003
1981-07-01,0.393
1981-08-01,0.686
1981-09-01,0.137
1981-10-01,0.14
1981-11-01,0.17500000000000002
1981-12-01,0.906
1982-01-01,-0.042
1982-02-01,0.106
1982-03-01,-0.41500000000000004
1982-04-01,0.14100000000000001
1982-05-01,0.025
1982-06-01,-0.189
1982-07-01,0.224
1982-08-01,-0.054
1982-09-01,-0.024
1982-10-01,0.011
1982-11-01,-0.08600000000000001
1982-12-01,0.729
1983-01-01,0.852
1983-02-01,0.64
1983-03-01,0.378
1983-04-01,0.377
1983-05-01,0.4
1983-06-01,0.01
1983-07-01,0.076
1983-08-01,0.45
1983-09-01,0.642
1983-10-01,0.271
1983-11-01,0.6940000000000001
1983-12-01,0.228
1984-01-01,0.34500000000000003
1984-02-01,-0.108
1984-03-01,0.369
1984-04-01,0.093
1984-05-01,0.674
1984-06-01,-0.106
1984-07-01,0.08600000000000001
1984-08-01,0.083
1984-09-01,-0.036000000000000004
1984-10-01,0.16
1984-11-01,-0.244
1984-12-01,-0.463
1985-01-01,0.435
1985-02-01,-0.51
1985-03-01,0.134
1985-04-01,0.294
1985-05-01,0.111
1985-06-01,0.13
1985-07-01,-0.356
1985-08-01,0.199
1985-09-01,-0.12
1985-10-01,0.14
1985-11-01,-0.08700000000000001
1985-12-01,0.201
1986-01-01,0.732
1986-02-01,0.811
1986-03-01,0.496
1986-04-01,0.537
1986-05-01,0.28200000000000003
1986-06-01,-0.05
1986-07-01,-0.037
1986-08-01,0.13
1986-09-01,-0.20700000000000002
1986-10-01,0.132
1986-11-01,-0.11800000000000001
1986-12-01,0.17
1987-01-01,0.562
1987-02-01,0.964
1987-03-01,-0.014
1987-04-01,0.265
1987-05-01,0.20400000000000001
1987-06-01,0.461
1987-07-01,0.552
1987-08-01,0.06
1987-09-01,0.41500000000000004
1987-10-01,0.418
1987-11-01,-0.013000000000000001
1987-12-01,0.878
1988-01-01,0.889
1988-02-01,0.246
1988-03-01,0.632
1988-04-01,0.6880000000000001
1988-05-01,0.544
1988-06-01,0.629
1988-07-01,0.438
1988-08-01,0.682
1988-09-01,0.666
1988-10-01,0.78
1988-11-01,0.233
1988-12-01,0.758
1989-01-01,0.124
1989-02-01,0.439
1989-03-01,0.466
1989-04-01,0.387
1989-05-01,-0.041
1989-06-01,0.002
1989-07-01,0.30000000000000004
1989-08-01,0.307
1989-09-01,0.356
1989-10-01,0.558
1989-11-01,0.132
1989-12-01,0.849
1990-01-01,0.667
1990-02-01,0.503
1990-03-01,1.439
1990-04-01,0.857
1990-05-01,0.526
1990-06-01,0.431
1990-07-01,0.449
1990-08-01,0.254
1990-09-01,0.165
1990-10-01,0.644
1990-11-01,0.8210000000000001
1990-12-01,0.791
1991-01-01,0.666
1991-02-01,0.896
1991-03-01,0.275
1991-04-01,0.9500000000000001
1991-05-01,0.303
1991-06-01,0.8250000000000001
1991-07-01,0.673
1991-08-01,0.466
1991-09-01,0.612
1991-10-01,0.558
1991-11-01,0.362
1991-12-01,0.47300000000000003
1992-01-01,0.999
1992-02-01,0.6910000000000001
1992-03-01,0.617
1992-04-01,0.254
1992-05-01,0.23
1992-06-01,0.131
1992-07-01,-0.185
1992-08-01,-0.083
1992-09-01,-0.41300000000000003
1992-10-01,0.161
1992-11-01,-0.197
1992-12-01,0.455
1993-01-01,0.684
1993-02-01,0.609
1993-03-01,0.616
1993-04-01,0.366
1993-05-01,0.159
1993-06-01,0.081
1993-07-01,0.241
1993-08-01,-0.017
1993-09-01,-0.1
1993-10-01,0.418
1993-11-01,-0.331
1993-12-01,0.434
1994-01-01,0.456
1994-02-01,-0.36
1994-03-01,0.443
1994-04-01,0.707
1994-05-01,0.368
1994-06-01,0.686
1994-07-01,0.357
1994-08-01,0.113
1994-09-01,0.461
1994-10-01,0.793
1994-11-01,0.74
1994-12-01,0.488
1995-01-01,0.98
1995-02-01,1.483
1995-03-01,0.656
1995-04-01,0.679
1995-05-01,0.264
1995-06-01,0.681
1995-07-01,0.77
1995-08-01,0.781
1995-09-01,0.516
1995-10-01,0.882
1995-11-01,0.7020000000000001
1995-12-01,0.498
1996-01-01,0.30000000000000004
1996-02-01,0.794
1996-03-01,0.249
1996-04-01,0.361
1996-05-01,0.261
1996-06-01,0.20800000000000002
1996-07-01,0.5
1996-08-01,0.738
1996-09-01,0.269
1996-10-01,0.298
1996-11-01,0.455
1996-12-01,0.7000000000000001
1997-01-01,0.5720000000000001
1997-02-01,0.581
1997-03-01,0.644
1997-04-01,0.539
1997-05-01,0.258
1997-06-01,0.674
1997-07-01,0.184
1997-08-01,0.374
1997-09-01,0.602
1997-10-01,0.898
1997-11-01,0.791
1997-12-01,0.809
1998-01-01,0.79
1998-02-01,1.651
1998-03-01,0.6940000000000001
1998-04-01,1.04
1998-05-01,0.9560000000000001
1998-06-01,1.072
1998-07-01,1.001
1998-08-01,1.03
1998-09-01,0.605
1998-10-01,0.736
1998-11-01,0.34800000000000003
1998-12-01,1.08
1999-01-01,0.993
1999-02-01,1.482
1999-03-01,0.221
1999-04-01,0.463
1999-05-01,0.356
1999-06-01,0.586
1999-07-01,0.505
1999-08-01,0.495
1999-09-01,0.662
1999-10-01,0.767
1999-11-01,0.545
1999-12-01,0.9420000000000001
2000-01-01,0.372
2000-02-01,0.999
2000-03-01,0.891
2000-04-01,1.226
2000-05-01,0.546
2000-06-01,0.592
2000-07-01,0.517
2000-08-01,0.68
2000-09-01,0.506
2000-10-01,0.242
2000-11-01,0.20500000000000002
2000-12-01,0.241
2001-01-01,0.767
2001-02-01,0.534
2001-03-01,0.924
2001-04-01,0.895
2001-05-01,0.9500000000000001
2001-06-01,0.626
2001-07-01,0.806
2001-08-01,0.5650000000000001
2001-09-01,0.658
2001-10-01,0.66
2001-11-01,1.223
2001-12-01,0.876
2002-01-01,1.444
2002-02-01,1.496
2002-03-01,1.456
2002-04-01,0.881
2002-05-01,0.923
2002-06-01,0.616
2002-07-01,1.009
2002-08-01,0.704
2002-09-01,0.923
2002-10-01,0.755
2002-11-01,0.838
2002-12-01,0.439
2003-01-01,1.408
2003-02-01,0.904
2003-03-01,0.741
2003-04-01,0.8240000000000001
2003-05-01,0.8200000000000001
2003-06-01,0.549
2003-07-01,0.655
2003-08-01,0.807
2003-09-01,0.835
2003-10-01,1.177
2003-11-01,0.614
2003-12-01,1.5150000000000001
2004-01-01,0.964
2004-02-01,1.29
2004-03-01,1.029
2004-04-01,0.923
2004-05-01,0.20800000000000002
2004-06-01,0.437
2004-07-01,-0.037
2004-08-01,0.338
2004-09-01,0.555
2004-10-01,0.9500000000000001
2004-11-01,1.256
2004-12-01,0.638
2005-01-01,1.22
2005-02-01,0.741
2005-03-01,1.251
2005-04-01,1.246
2005-05-01,0.9
2005-06-01,1.012
2005-07-01,0.854
2005-08-01,0.673
2005-09-01,1.195
2005-10-01,1.448
2005-11-01,1.371
2005-12-01,1.248
2006-01-01,0.705
2006-02-01,1.229
2006-03-01,1.012
2006-04-01,0.72
2006-05-01,0.441
2006-06-01,1.008
2006-07-01,0.668
2006-08-01,1.057
2006-09-01,0.858
2006-10-01,1.1320000000000001
2006-11-01,0.876
2006-12-01,1.396
2007-01-01,2.016
2007-02-01,1.041
2007-03-01,1.091
2007-04-01,1.46
2007-05-01,1.201
2007-06-01,0.892
2007-07-01,0.907
2007-08-01,0.904
2007-09-01,0.909
2007-10-01,1.118
2007-11-01,1.025
2007-12-01,0.907
2008-01-01,0.309
2008-02-01,0.432
2008-03-01,1.5779999999999998
2008-04-01,0.968
2008-05-01,0.708
2008-06-01,0.685
2008-07-01,0.836
2008-08-01,0.497
2008-09-01,0.768
2008-10-01,1.252
2008-11-01,1.182
2008-12-01,0.789
2009-01-01,1.12
2009-02-01,0.926
2009-03-01,0.804
2009-04-01,1.004
2009-05-01,0.837
2009-06-01,0.811
2009-07-01,0.968
2009-08-01,0.861
2009-09-01,1.1360000000000001
2009-10-01,0.937
2009-11-01,0.999
2009-12-01,0.6970000000000001
2010-01-01,1.129
2010-02-01,1.197
2010-03-01,1.419
2010-04-01,1.365
2010-05-01,1.112
2010-06-01,0.9400000000000001
2010-07-01,0.857
2010-08-01,0.933
2010-09-01,0.874
2010-10-01,1.26
2010-11-01,1.433
2010-12-01,0.658
2011-01-01,0.726
2011-02-01,0.526
2011-03-01,0.784
2011-04-01,1.153
2011-05-01,0.648
2011-06-01,0.925
2011-07-01,1.191
2011-08-01,1.236
2011-09-01,0.875
2011-10-01,1.19
2011-11-01,0.737
2011-12-01,1.026
2012-01-01,0.5710000000000001
2012-02-01,0.391
2012-03-01,0.6920000000000001
2012-04-01,1.318
2012-05-01,1.2530000000000001
2012-06-01,1.01
2012-07-01,0.77
2012-08-01,0.865
2012-09-01,0.9570000000000001
2012-10-01,1.192
2012-11-01,1.051
2012-12-01,0.438
2013-01-01,1.124
2013-02-01,0.979
2013-03-01,0.91
2013-04-01,0.704
2013-05-01,0.87
2013-06-01,1.095
2013-07-01,0.674
2013-08-01,0.9430000000000001
2013-09-01,1.126
2013-10-01,1.052
2013-11-01,1.34
2013-12-01,1.078
2014-01-01,1.172
2014-02-01,0.305
2014-03-01,1.052
2014-04-01,1.258
2014-05-01,1.206
2014-06-01,0.833
2014-07-01,0.5630000000000001
2014-08-01,1.055
2014-09-01,1.046
2014-10-01,1.16
2014-11-01,0.675
2014-12-01,1.256
2015-01-01,1.32
2015-02-01,1.448
2015-03-01,1.432
2015-04-01,0.994
2015-05-01,1.01
2015-06-01,1.05
2015-07-01,0.746
2015-08-01,0.935
2015-09-01,0.935
2015-10-01,1.573
2015-11-01,1.3679999999999999
2015-12-01,1.8599999999999999
2016-01-01,1.6440000000000001
2016-02-01,2.179
2016-03-01,2.184
2016-04-01,1.8050000000000002
2016-05-01,1.2810000000000001
2016-06-01,0.893
2016-07-01,0.9550000000000001
2016-08-01,1.452
2016-09-01,1.139
2016-10-01,1.043
2016-11-01,1.125
2016-12-01,1.303
2017-01-01,1.595
2017-02-01,1.738
2017-03-01,1.841
2017-04-01,1.294
2017-05-01,1.271
2017-06-01,0.786
2017-07-01,1.004
2017-08-01,1.069
2017-09-01,0.984
2017-10-01,1.337
2017-11-01,1.072
2017-12-01,1.517
2018-01-01,1.185
2018-02-01,1.094
2018-03-01,1.375
2018-04-01,1.329
2018-05-01,1.087
2018-06-01,1.006
2018-07-01,1.1320000000000001
2018-08-01,0.982
2018-09-01,0.864
2018-10-01,1.412
2018-11-01,0.8210000000000001
2018-12-01,1.256
2019-01-01,1.425
2019-02-01,1.22
2019-03-01,1.806
2019-04-01,1.5230000000000001
2019-05-01,1.005
2019-06-01,1.036
2019-07-01,1.1440000000000001
2019-08-01,1.093
2019-09-01,1.199
2019-10-01,1.529
2019-11-01,1.215
2019-12-01,1.766
2020-01-01,2.032
2020-02-01,2.098
2020-03-01,1.758
2020-04-01,1.67
2020-05-01,1.294
2020-06-01,1.201
2020-07-01,1.168
2020-08-01,1.112
2020-09-01,1.431
2020-10-01,1.25
2020-11-01,1.695
2020-12-01,1.158
2021-01-01,1.26
2021-02-01,0.761
2021-03-01,1.395
2021-04-01,1.12
2021-05-01,1.06
2021-06-01,1.15
2021-07-01,1.317
2021-08-01,1.198
2021-09-01,1.275
2021-10-01,1.577
2021-11-01,1.307
2021-12-01,1.351
2022-01-01,1.3980000000000001
2022-02-01,1.16
2022-03-01,1.52
2022-04-01,1.362
2022-05-01,1.023
2022-06-01,1.315
2022-07-01,1.289
2022-08-01,1.231
2022-09-01,1.09
